#,POS,PLAYER NAME,FIRST NAME,LAST NAME,SHIRT NAME,TEAM
1,GK,ARMANI Franco,Franco,ARMANI,ARMANI,Argentina ARG
2,DF,FOYTH Juan,Juan Marcos,FOYTH,FOYTH,Argentina ARG
3,DF,TAGLIAFICO Nicolas,Nicolás Alejandro,TAGLIAFICO,TAGLIAFICO,Argentina ARG
4,DF,MONTIEL Gonzalo,Gonzalo Ariel,MONTIEL,MONTIEL,Argentina ARG
5,MF,PAREDES Leandro,Leandro Daniel,PAREDES,PAREDES,Argentina ARG
6,DF,PEZZELLA German,Germán Alejo,PEZZELLA,PEZZELLA,Argentina ARG
7,MF,DE PAUL Rodrigo,Rodrigo Javier,DE PAUL,DE PAUL,Argentina ARG
8,MF,ACUNA Marcos,Marcos Javier,ACU?A,ACU?A,Argentina ARG
9,FW,ALVAREZ Julian,Julian,ALVAREZ,J. ALVAREZ,Argentina ARG
10,FW,MESSI Lionel,Lionel Andres,MESSI,MESSI,Argentina ARG
11,FW,DI MARIA Angel,Angel Fabian,DI MARIA,DI MARIA,Argentina ARG
12,GK,RULLI Geronimo,Geronimo,RULLI,RULLI,Argentina ARG
13,DF,ROMERO Cristian,Cristian Gabriel,ROMERO,ROMERO,Argentina ARG
14,MF,PALACIOS Exequiel,Exequiel Alejandro,PALACIOS,PALACIOS,Argentina ARG
15,FW,CORREA Angel,Angel Martin,CORREA,A. CORREA,Argentina ARG
16,MF,ALMADA Thiago,Thiago Ezequiel,ALMADA,ALMADA,Argentina ARG
17,MF,GOMEZ Alejandro,Alejandro Dario,GÓMEZ,GÓMEZ,Argentina ARG
18,MF,RODRIGUEZ Guido,Guido,RODRIGUEZ,G. RODRIGUEZ,Argentina ARG
19,DF,OTAMENDI Nicolas,Nicolas Hernan Gonzalo,OTAMENDI,OTAMENDI,Argentina ARG
20,MF,MAC ALLISTER Alexis,Alexis,MAC ALLISTER,MAC ALLISTER,Argentina ARG
21,FW,DYBALA Paulo,Paulo Exequiel,DYBALA,DYBALA,Argentina ARG
22,FW,MARTINEZ Lautaro,Lautaro Javier,MARTÍNEZ,L. MARTÍNEZ,Argentina ARG
23,GK,MARTINEZ Emiliano,Damián Emiliano,MARTÍNEZ,E. MARTÍNEZ,Argentina ARG
24,MF,FERNANDEZ Enzo,Enzo Jeremías,FERNÁNDEZ,E. FERNÁNDEZ,Argentina ARG
25,DF,MARTINEZ Lisandro,Lisandro,MARTÍNEZ,MARTÍNEZ,Argentina ARG
26,DF,MOLINA Nahuel,Nahuel,MOLINA LUCERO,MOLINA,Argentina ARG
1,GK,RYAN Mathew,Mathew David,RYAN,RYAN,Australia AUS
2,DF,DEGENEK Milos,Milos,DEGENEK,DEGENEK,Australia AUS
3,DF,ATKINSON Nathaniel,Nathaniel Caleb,ATKINSON,ATKINSON,Australia AUS
4,DF,ROWLES Kye,Kye Francis,ROWLES,ROWLES,Australia AUS
5,DF,KARACIC Fran,Fran,KARACIC,KARACIC,Australia AUS
6,FW,TILIO Marco,Marco,TILIO,TILIO,Australia AUS
7,FW,LECKIE Mathew,Mathew Allan,LECKIE,LECKIE,Australia AUS
8,DF,WRIGHT Bailey,Bailey Colin,WRIGHT,WRIGHT,Australia AUS
9,FW,MACLAREN Jamie,Jamie,MACLAREN,MACLAREN,Australia AUS
10,MF,HRUSTIC Ajdin,Ajdin,HRUSTIC,HRUSTIC,Australia AUS
11,FW,MABIL Awer,Awer Bul,MABIL,MABIL,Australia AUS
12,GK,REDMAYNE Andrew,Andrew James,REDMAYNE,REDMAYNE,Australia AUS
13,MF,MOOY Aaron,Aaron Frank,MOOY,MOOY,Australia AUS
14,MF,McGREE Riley,Riley Patrick,MCGREE,MCGREE,Australia AUS
15,FW,DUKE Mitchell,Mitchell Thomas,DUKE,DUKE,Australia AUS
16,DF,BEHICH Aziz,Aziz,BEHICH,BEHICH,Australia AUS
17,MF,DEVLIN Cameron,Cameron Peter,DEVLIN,DEVLIN,Australia AUS
18,GK,VUKOVIC Danny,Daniel,VUKOVIC,VUKOVIC,Australia AUS
19,DF,SOUTTAR Harry,Harry James,SOUTTAR,SOUTTAR,Australia AUS
20,DF,DENG Thomas,Thomas Jok,DENG,DENG,Australia AUS
21,FW,KUOL Garang,Garang,MAWIEN KUOL,KUOL,Australia AUS
22,MF,IRVINE Jackson,Jackson Alexander,IRVINE,IRVINE,Australia AUS
23,FW,GOODWIN Craig,Craig Alexander,GOODWIN,GOODWIN,Australia AUS
24,DF,KING Joel,Joel Bruce,KING,KING,Australia AUS
25,FW,CUMMINGS Jason,Jason Steven,CUMMINGS,CUMMINGS,Australia AUS
26,MF,BACCUS Keanu,Keanu Kole,BACCUS,BACCUS,Australia AUS
1,GK,COURTOIS Thibaut,Thibaut Nicolas M.,COURTOIS,COURTOIS,Belgium BEL
2,DF,ALDERWEIRELD Toby,Toby Albertine M.,ALDERWEIRELD,ALDERWEIRELD,Belgium BEL
3,DF,THEATE Arthur,Arthur Nicolas R.,THEATE,THEATE,Belgium BEL
4,DF,FAES Wout,Wout Felix L.,FAES,FAES,Belgium BEL
5,DF,VERTONGHEN Jan,Jan Bert L.,VERTONGHEN,VERTONGHEN,Belgium BEL
6,MF,WITSEL Axel,Axel Laurent A.,WITSEL,WITSEL,Belgium BEL
7,MF,DE BRUYNE Kevin,Kevin,DE BRUYNE,DE BRUYNE,Belgium BEL
8,MF,TIELEMANS Youri,Youri Marion A.,TIELEMANS,TIELEMANS,Belgium BEL
9,FW,LUKAKU Romelu,Romelu,LUKAKU BOLINGOLI,R. LUKAKU,Belgium BEL
10,FW,HAZARD Eden,Eden Michael W.,HAZARD,E. HAZARD,Belgium BEL
11,FW,CARRASCO Yannick,Yannick,FERREIRA CARRASCO,CARRASCO,Belgium BEL
12,GK,MIGNOLET Simon,Simon Luc M.,MIGNOLET,MIGNOLET,Belgium BEL
13,GK,CASTEELS Koen,Koen,CASTEELS,CASTEELS,Belgium BEL
14,FW,MERTENS Dries,Dries,MERTENS,MERTENS,Belgium BEL
15,MF,MEUNIER Thomas,Thomas Andre A.,MEUNIER,MEUNIER,Belgium BEL
16,MF,HAZARD Thorgan,Thorgan Ganael F.,HAZARD,T. HAZARD,Belgium BEL
17,FW,TROSSARD Leandro,Leandro,TROSSARD,TROSSARD,Belgium BEL
18,MF,ONANA Amadou,Amadou Ba Z.,MVOM ONANA,ONANA,Belgium BEL
19,DF,DENDONCKER Leander,Leander,DENDONCKER,DENDONCKER,Belgium BEL
20,MF,VANAKEN Hans,Hans,VANAKEN,VANAKEN,Belgium BEL
21,MF,CASTAGNE Timothy,Timothy,CASTAGNE,CASTAGNE,Belgium BEL
22,FW,DE KETELAERE Charles,Charles Marc S.,DE KETELAERE,DE KETELAERE,Belgium BEL
23,FW,BATSHUAYI Michy,Michy,BATSHUAYI-ATUNGA,BATSHUAYI,Belgium BEL
24,FW,OPENDA Lois,Ikoma-Lo?s,OPENDA,OPENDA,Belgium BEL
25,FW,DOKU Jeremy,Jeremy Baffour,DOKU,DOKU,Belgium BEL
26,DF,DEBAST Zeno,Zeno Koen,DEBAST,DEBAST,Belgium BEL
1,GK,ALISSON,Álisson Ramsés,BECKER,A. BECKER,Brazil BRA
2,DF,DANILO,Danilo Luiz,DA SILVA,DANILO,Brazil BRA
3,DF,THIAGO SILVA,Thiago,EMILIANO DA SILVA,T. SILVA,Brazil BRA
4,DF,MARQUINHOS,Marcos,AOAS CORREA,MARQUINHOS,Brazil BRA
5,MF,CASEMIRO,Carlos Henrique,CASIMIRO,CASEMIRO,Brazil BRA
6,DF,ALEX SANDRO,Alex Sandro,LOBO SILVA,ALEX SANDRO,Brazil BRA
7,MF,LUCAS PAQUETA,Lucas,TOLENTINO COELHO DE LIMA,L. PAQUETÁ,Brazil BRA
8,MF,FRED,Frederico,RODRIGUES DE PAULA SANTOS,FRED,Brazil BRA
9,FW,RICHARLISON,Richarlison,DE ANDRADE,RICHARLISON,Brazil BRA
10,FW,NEYMAR,Neymar,DA SILVA SANTOS JÚNIOR,NEYMAR JR,Brazil BRA
11,FW,RAPHINHA,Raphael,DIAS BELLOLI,RAPHINHA,Brazil BRA
12,GK,WEVERTON,Weverton,PEREIRA DA SILVA,WEVERTON,Brazil BRA
13,DF,DANI ALVES,Daniel,ALVES DA SILVA,DANI ALVES,Brazil BRA
14,DF,EDER MILITAO,Éder Gabriel,MILIT?O,E. MILIT?O,Brazil BRA
15,MF,FABINHO,Fabio Henrique,TAVARES,FABINHO,Brazil BRA
16,DF,ALEX TELLES,Alex,NICOLAO TELLES,ALEX TELLES,Brazil BRA
17,MF,BRUNO GUIMARAES,Bruno,GUIMAR?ES RODRIGUEZ MOURA,BRUNO G.,Brazil BRA
18,FW,GABRIEL JESUS,Gabriel Fernando,DE JESUS,G. JESUS,Brazil BRA
19,FW,ANTONY,Antony Matheus,DOS SANTOS,ANTONY,Brazil BRA
20,FW,VINICIUS JUNIOR,Vinicius José,PAIX?O DE OLIVEIRA JÚNIOR,VINI JR,Brazil BRA
21,FW,RODRYGO,Rodrygo,SILVA DE GOES,RODRYGO,Brazil BRA
22,MF,EVERTON RIBEIRO,Everton Augusto,DE BARROS RIBEIRO,E. RIBEIRO,Brazil BRA
23,GK,EDERSON,Ederson,SANTANA DE MORAES,EDERSON,Brazil BRA
24,DF,BREMER,Gleison Bremer,SILVA NASCIMENTO,BREMER,Brazil BRA
25,FW,PEDRO,Pedro Guilherme,ABREU DOS SANTOS,PEDRO,Brazil BRA
26,FW,GABRIEL MARTINELLI,Gabriel,TEODORO MARTINELLI SILVA,MARTINELLI,Brazil BRA
1,GK,NGAPANDOUETNBU Simon,Simon Brady,NGAPANDOUETNBU,N. SIMON,Cameroon CMR
2,DF,NGOM MBEKELI Jerome,Jerome,NGOM MBEKELI,NGOM,Cameroon CMR
3,DF,NKOULOU Nicolas,Nicolas Julio,NKOULOU NDOUBENA,NKOULOU,Cameroon CMR
4,DF,WOOH Christopher,Christopher Maurice,WOOH,C. WOOH,Cameroon CMR
5,MF,ONDOUA Gael,Gael,BELLA ONDOUA,ONDOUA,Cameroon CMR
6,FW,MOUMI NGAMALEU Nicolas,Nicolas Brice,MOUMI NGAMALEU,NGAMALEU,Cameroon CMR
7,MF,NKOUDOU Georges-Kevin,Georges Kevin,NKOUDOU MBIDA,NKOUDOU,Cameroon CMR
8,MF,ZAMBO ANGUISSA Andre-Frank,Andre Frank,ZAMBO ANGUISSA,ANGUISSA,Cameroon CMR
9,FW,NSAME Jean-Pierre,Jean Pierre Junior,NSAME,NSAME,Cameroon CMR
10,FW,ABOUBAKAR Vincent,Vincent,ABOUBAKAR,ABOUBAKAR,Cameroon CMR
11,FW,BASSOGOG Christian,Christian,MOUGANG BASSOGOG,BASSOGOG,Cameroon CMR
12,FW,TOKO EKAMBI Karl,Karl Louis-Brillant,TOKO EKAMBI,TOKO EKAMBI,Cameroon CMR
13,FW,CHOUPO-MOTING Eric Maxim,Eric Maxim,CHOUPO-MOTING,CHOUPO-MOTING,Cameroon CMR
14,MF,OUM GOUET Samuel,Samuel Yves,OUM GOUET,OUM,Cameroon CMR
15,MF,KUNDE Pierre,Pierre,KUNDE MALONG,KUNDE,Cameroon CMR
16,GK,EPASSY Devis,Devis Rogers,EPASSY MBOKA,EPASSY,Cameroon CMR
17,DF,MBAIZO Olivier,Olivier,MBAISSIDARA MBAIZO,MBAIZO,Cameroon CMR
18,MF,HONGLA Martin,Martin,HONGLA YMA II,HONGLA,Cameroon CMR
19,DF,FAI Collins,Ngoran Suiru,FAI COLLINS,FA?,Cameroon CMR
20,FW,MBEUMO Bryan,Bryan Tetsadong Marceau,MBEUMO,MBEUMO,Cameroon CMR
21,DF,CASTELLETTO Jean-Charles,Jean-Charles Victor,CASTELLETTO,CASTELLETTO,Cameroon CMR
22,MF,NTCHAM Olivier,Jules Olivier,NTCHAM,NTCHAM,Cameroon CMR
23,GK,ONANA Andre,Andre,ONANA ONANA,ONANA,Cameroon CMR
24,DF,EBOSSE Enzo,Enzo Jacques Rodolphe,EBOSSE,EBOSSE,Cameroon CMR
25,DF,TOLO Nouhou,Nouhou,TOLO,NOUHOU,Cameroon CMR
26,MF,MAROU Souaibou,Souaibou,MAROU,SOUAIBOU,Cameroon CMR
1,GK,ST. CLAIR Dayne,Dayne Tristan,ST. CLAIR,ST. CLAIR,Canada CAN
2,DF,JOHNSTON Alistair,Alistair William,JOHNSTON,JOHNSTON,Canada CAN
3,DF,ADEKUGBE Sam,Samuel Ayomide,ADEKUGBE,ADEKUGBE,Canada CAN
4,DF,MILLER Kamal,Kamal Anthony,MILLER,MILLER,Canada CAN
5,DF,VITORIA Steven,Steven De Sousa,DE SOUSA VITÓRIA,VITÓRIA,Canada CAN
6,MF,PIETTE Samuel,Samuel,PIETTE,PIETTE,Canada CAN
7,MF,EUSTAQUIO Stephen,Stephen,EUSTÁQUIO,EUSTAQUIO,Canada CAN
8,MF,FRASER Liam,Liam Scott,FRASER,FRASER,Canada CAN
9,FW,CAVALLINI Lucas,Lucas Daniel,CAVALLINI,CAVALLINI,Canada CAN
10,MF,HOILETT Junior,David Jr Wayne,HOILETT,HOILETT,Canada CAN
11,FW,BUCHANAN Tajon,Tajon Trevor,BUCHANAN,BUCHANAN,Canada CAN
12,FW,UGBO Ike,Ike Dominique,UGBO,UGBO,Canada CAN
13,MF,HUTCHINSON Atiba,Atiba,HUTCHINSON,HUTCHINSON,Canada CAN
14,MF,KAYE Mark-Anthony,Mark-Anthony,KAYE,KAYE,Canada CAN
15,MF,KONE Ismael,Ismael Kenneth Jordan,KONE,KONÉ,Canada CAN
16,GK,PANTEMIS James,James,PANTEMIS,PANTEMIS,Canada CAN
17,FW,LARIN Cyle,Cyle Christopher,LARIN,LARIN,Canada CAN
18,GK,BORJAN Milan,Milan,BORJAN,BORJAN,Canada CAN
19,FW,DAVIES Alphonso,Alphonso Boyle,DAVIES,DAVIES,Canada CAN
20,FW,DAVID Jonathan,Jonathan Christian,DAVID,J. DAVID,Canada CAN
21,MF,OSORIO Jonathan,Jonathan,OSORIO,OSORIO,Canada CAN
22,DF,LARYEA Richie,Richmond Mamah,LARYEA,LARYEA,Canada CAN
23,MF,MILLAR Liam,Liam Alan,MILLAR,MILLAR,Canada CAN
24,MF,WOTHERSPOON David,David Wallace,WOTHERSPOON,WOTHERSPOON,Canada CAN
25,DF,CORNELIUS Derek,Derek Austin,CORNELIUS,CORNELIUS,Canada CAN
26,DF,WATERMAN Joel,Joel Robert,WATERMAN,WATERMAN,Canada CAN
1,GK,NAVAS Keylor,Keilor Antonio,NAVAS GAMBOA,K. NAVAS,Costa-Rica CRC
2,MF,CHACON Daniel,Daniel Alonso,CHACÓN SALAS,D. CHACÓN,Costa-Rica CRC
3,DF,VARGAS Juan Pablo,Juan Pablo,VARGAS CAMPOS,J. VARGAS,Costa-Rica CRC
4,DF,FULLER Keysher,Keysher,FULLER SPENCE,K. FULLER,Costa-Rica CRC
5,MF,BORGES Celso,Celso,BORGES MORA,C. BORGES,Costa-Rica CRC
6,DF,DUARTE Oscar,Oscar Esau,DUARTE GAITAN,O. DUARTE,Costa-Rica CRC
7,FW,CONTRERAS Anthony,Anthony Daniel,CONTRERAS ENRÍQUEZ,A. CONTRERAS,Costa-Rica CRC
8,DF,OVIEDO Bryan,Bryan Josué,OVIEDO JIMÉNEZ,B. OVIEDO,Costa-Rica CRC
9,MF,BENNETTE Jewison,Jewison Francisco,BENNETTE VILLEGAS,J. BENNETTE,Costa-Rica CRC
10,MF,RUIZ Bryan,Bryan Jafet,RUIZ GONZÁLEZ,BRYAN,Costa-Rica CRC
11,FW,VENEGAS Johan,Johan Alberto,VENEGAS ULLOA,JOHAN,Costa-Rica CRC
12,FW,CAMPBELL Joel,Joel Nathaniel,CAMPBELL SAMUELS,J. CAMPBELL,Costa-Rica CRC
13,MF,TORRES Gerson,Gerson,TORRES BARRANTES,G. TORRES,Costa-Rica CRC
14,MF,SALAS Youstin,Youstin Del n,SALAS GOMEZ,Y. SALAS,Costa-Rica CRC
15,DF,CALVO Francisco,Francisco Javier,CALVO QUESADA,F. CALVO,Costa-Rica CRC
16,DF,MARTINEZ Carlos,Carlos Manuel,MARTÍNEZ CASTRO,C. MARTÍNEZ,Costa-Rica CRC
17,MF,TEJEDA Yeltsin,Yeltsin Ignacio,TEJEDA VALVERDE,Y. TEJEDA,Costa-Rica CRC
18,GK,ALVARADO Esteban,Esteban,ALVARADO BROWN,E. ALVARADO,Costa-Rica CRC
19,DF,WASTON Kendall,Kendall Jamaal,WASTON MANLEY,K. WASTON,Costa-Rica CRC
20,MF,AGUILERA Brandon,Brandon,AGUILERA ZAMORA,B. AGUILERA,Costa-Rica CRC
21,MF,LOPEZ Douglas,Douglas Andrey,LÓPEZ ARAYA,D. LÓPEZ,Costa-Rica CRC
22,DF,MATARRITA Ronald,Ronald Alberto,MATARRITA ULATE,R. MATARRITA,Costa-Rica CRC
23,GK,SEQUEIRA Patrick,Patrick Gilmar,SEQUEIRA MEJIAS,P. SEQUEIRA,Costa-Rica CRC
24,MF,WILSON Roan,Roan Roberto,WILSON GORDON,R. WILSON,Costa-Rica CRC
25,MF,HERNANDEZ Anthony,Anthony William,HERNÁNDEZ GONZÁLEZ,A. HERNÁNDEZ,Costa-Rica CRC
26,MF,ZAMORA Alvaro,Alvaro José,ZAMORA MATA,A. ZAMORA,Costa-Rica CRC
1,GK,LIVAKOVIC Dominik,Dominik,LIVAKOVIÆ,LIVAKOVIÆ,Croatia CRO
2,DF,STANISIC Josip,Josip,STANIŠIÆ,STANIŠIÆ,Croatia CRO
3,DF,BARISIC Borna,Borna,BARIŠIÆ,BARIŠIÆ,Croatia CRO
4,FW,PERISIC Ivan,Ivan,PERIŠIÆ,PERIŠIÆ,Croatia CRO
5,DF,ERLIC Martin,Martin,ERLIÆ,ERLIÆ,Croatia CRO
6,DF,LOVREN Dejan,Dejan,LOVREN,LOVREN,Croatia CRO
7,MF,MAJER Lovro,Lovro,MAJER,MAJER,Croatia CRO
8,MF,KOVACIC Mateo,Mateo,KOVAÈIÆ,KOVAÈIÆ,Croatia CRO
9,FW,KRAMARIC Andrej,Andrej,KRAMARIÆ,KRAMARIÆ,Croatia CRO
10,MF,MODRIC Luka,Luka,MODRIÆ,MODRIÆ,Croatia CRO
11,MF,BROZOVIC Marcelo,Marcelo,BROZOVIÆ,BROZOVIÆ,Croatia CRO
12,GK,GRBIC Ivo,Ivo,GRBIÆ,GRBIÆ,Croatia CRO
13,MF,VLASIC Nikola,Nikola,VLAŠIÆ,VLAŠIÆ,Croatia CRO
14,FW,LIVAJA Marko,Marko,LIVAJA,LIVAJA,Croatia CRO
15,MF,PASALIC Mario,Mario,PAŠALIÆ,PAŠALIÆ,Croatia CRO
16,FW,PETKOVIC Bruno,Bruno,PETKOVIÆ,PETKOVIÆ,Croatia CRO
17,FW,BUDIMIR Ante,Ante,BUDIMIR,BUDIMIR,Croatia CRO
18,FW,ORSIC Mislav,Mislav,ORŠIÆ,ORŠIÆ,Croatia CRO
19,DF,SOSA Borna,Borna,SOSA,SOSA,Croatia CRO
20,DF,GVARDIOL Josko,Joško,GVARDIOL,GVARDIOL,Croatia CRO
21,DF,VIDA Domagoj,Domagoj,VIDA,VIDA,Croatia CRO
22,DF,JURANOVIC Josip,Josip,JURANOVIÆ,JURANOVIÆ,Croatia CRO
23,GK,IVUSIC Ivica,Ivica,IVUŠIÆ,IVUŠIÆ,Croatia CRO
24,DF,SUTALO Josip,Josip,ŠUTALO,ŠUTALO,Croatia CRO
25,MF,SUCIC Luka,Luka,SUÈIÆ,SUÈIÆ,Croatia CRO
26,MF,JAKIC Kristijan,Kristijan,JAKIÆ,JAKIÆ,Croatia CRO
1,GK,SCHMEICHEL Kasper,Kasper Peter,SCHMEICHEL,SCHMEICHEL,Denmark DEN
2,DF,ANDERSEN Joachim,Joachim Christian,ANDERSEN,ANDERSEN,Denmark DEN
3,DF,NELSSON Victor,Victor Enok,NELSSON,NELSSON,Denmark DEN
4,DF,KJAER Simon,Simon Thorup,KJ?R,KJ?R,Denmark DEN
5,DF,MAEHLE Joakim,Joakim M?hle,PEDERSEN,M?HLE,Denmark DEN
6,DF,CHRISTENSEN Andreas,Andreas B?dtker,CHRISTENSEN,A. CHRISTENSEN,Denmark DEN
7,MF,JENSEN Mathias,Mathias,JENSEN,JENSEN,Denmark DEN
8,MF,DELANEY Thomas,Thomas Joseph,DELANEY,DELANEY,Denmark DEN
9,FW,BRAITHWAITE Martin,Martin Christensen,BRAITHWAITE,BRAITHWAITE,Denmark DEN
10,MF,ERIKSEN Christian,Christian Dannemann,ERIKSEN,ERIKSEN,Denmark DEN
11,MF,SKOV OLSEN Andreas,Andreas Skov,OLSEN,SKOV OLSEN,Denmark DEN
12,FW,DOLBERG Kasper,Kasper Dolberg,RASMUSSEN,DOLBERG,Denmark DEN
13,DF,KRISTENSEN Rasmus,Rasmus Nissen,KRISTENSEN,KRISTENSEN,Denmark DEN
14,MF,DAMSGAARD Mikkel,Mikkel Krogh,DAMSGAARD,DAMSGAARD,Denmark DEN
15,MF,NORGAARD Christian,Christian Thers,N?RGAARD,N?RGAARD,Denmark DEN
16,GK,CHRISTENSEN Oliver,Oliver,CHRISTENSEN,O. CHRISTENSEN,Denmark DEN
17,DF,STRYGER LARSEN Jens,Jens Stryger,LARSEN,STRYGER,Denmark DEN
18,DF,WASS Daniel,Daniel,WASS,WASS,Denmark DEN
19,FW,WIND Jonas,Jonas Older,WIND,WIND,Denmark DEN
20,FW,YURARY POULSEN Yussuf,Yussuf Yurary,POULSEN,YURARY,Denmark DEN
21,FW,CORNELIUS Andreas,Andreas Evald,CORNELIUS,CORNELIUS,Denmark DEN
22,GK,RONNOW Frederik,Frederik Riis,R?NNOW,R?NNOW,Denmark DEN
23,MF,HOJBJERG Pierre-Emile,Pierre-Emile Kordt,H?JBJERG,H?JBJERG,Denmark DEN
24,MF,SKOV Robert,Robert,SKOV,SKOV,Denmark DEN
25,MF,LINDSTROM Jesper,Jesper Gr?nge,LINDSTR?M,LINDSTR?M,Denmark DEN
26,DF,BAH Alexander,Alexander Hartmann,BAH,BAH,Denmark DEN
1,GK,GALINDEZ Hernan,Hernan Ismael,GALINDEZ,GALINDEZ,Ecuador ECU
2,DF,TORRES Felix,Felix Eduardo,TORRES CAICEDO,TORRES,Ecuador ECU
3,DF,HINCAPIE Piero,Piero Martin,HINCAPIE REYNA,HINCAPIE,Ecuador ECU
4,DF,ARBOLEDA Robert,Robert Abel,ARBOLEDA ESCOBAR,ARBOLEDA,Ecuador ECU
5,MF,CIFUENTES Jose,Jose Adoni,CIFUENTES CHARCOPA,CIFUENTES,Ecuador ECU
6,DF,PACHO William,William Joel,PACHO TENORIO,PACHO,Ecuador ECU
7,DF,ESTUPINAN Pervis,Pervis Josue,ESTUPI?ÁN TENORIO,ESTUPI?AN,Ecuador ECU
8,MF,GRUEZO Carlos,Carlos Armando,GRUEZO ARVOLEDA,GRUEZO,Ecuador ECU
9,MF,PRECIADO Ayrton,Eduar Ayrton,PRECIADO GARCIA,A. PRECIADO,Ecuador ECU
10,MF,IBARRA Romario,Romario Andres,IBARRA MINA,IBARRA,Ecuador ECU
11,FW,ESTRADA Michael,Michael Steveen,ESTRADA MARTÍNEZ,ESTRADA,Ecuador ECU
12,GK,RAMIREZ Moises,Wellington Moises,RAMÍREZ PRECIADO,RAMIREZ,Ecuador ECU
13,FW,VALENCIA Enner,Enner Remberto,VALENCIA LASTRA,E. VALENCIA,Ecuador ECU
14,DF,ARREAGA Xavier,Xavier Ricardo,ARREAGA BERMELLO,ARREAGA,Ecuador ECU
15,MF,MENA Angel,Angel Israel,MENA DELGADO,MENA,Ecuador ECU
16,MF,SARMIENTO Jeremy,Jeremy Leonel,SARMIENTO MORANTE,SARMIENTO,Ecuador ECU
17,DF,PRECIADO Angelo,Angelo Smit,PRECIADO QUI?ONEZ,PRECIADO,Ecuador ECU
18,DF,PALACIOS Diego,Diego Jose,PALACIOS ESPINOZA,PALACIOS,Ecuador ECU
19,MF,PLATA Gonzalo,Gonzalo Jordy,PLATA JIMENEZ,PLATA,Ecuador ECU
20,MF,MENDEZ Jhegson,Jhegson Sebastián,MÉNDEZ CARABALÍ,MENDEZ,Ecuador ECU
21,MF,FRANCO Alan,Alan Steven,FRANCO PALMA,FRANCO,Ecuador ECU
22,GK,DOMINGUEZ Alexander,Alexander,DOMINGUEZ CARABALI,DOMINGUEZ,Ecuador ECU
23,MF,CAICEDO Moises,Moises Isaac,CAICEDO COROZO,M. CAICEDO,Ecuador ECU
24,FW,REASCO Djorkaeff,Djorkaeff Neicer,REASCO GONZALEZ,REASCO,Ecuador ECU
25,DF,POROZO Jackson,Jackson Gabriel,POROZO VERNAZA,POROZO,Ecuador ECU
26,FW,RODRIGUEZ Kevin,Kevin Jose,RODRIGUEZ CORTEZ,RODRIGUEZ,Ecuador ECU
1,GK,PICKFORD Jordan,Jordan Lee,PICKFORD,PICKFORD,England ENG
2,DF,WALKER Kyle,Kyle Andrew,WALKER,WALKER,England ENG
3,DF,SHAW Luke,Luke Paul,SHAW,SHAW,England ENG
4,MF,RICE Declan,Declan,RICE,RICE,England ENG
5,DF,STONES John,John,STONES,STONES,England ENG
6,DF,MAGUIRE Harry,Harry Jacob,MAGUIRE,MAGUIRE,England ENG
7,FW,GREALISH Jack,Jack Peter,GREALISH,GREALISH,England ENG
8,MF,HENDERSON Jordan,Jordan Brian,HENDERSON,HENDERSON,England ENG
9,FW,KANE Harry,Harry Edward,KANE,KANE,England ENG
10,FW,STERLING Raheem,Raheem,STERLING,STERLING,England ENG
11,FW,RASHFORD Marcus,Marcus,RASHFORD,RASHFORD,England ENG
12,DF,TRIPPIER Kieran,Kieran John,TRIPPIER,TRIPPIER,England ENG
13,GK,POPE Nick,Nicholas David,POPE,POPE,England ENG
14,MF,PHILLIPS Kalvin,Kalvin Mark,PHILLIPS,PHILLIPS,England ENG
15,DF,DIER Eric,Eric Jeremy Edgar,DIER,DIER,England ENG
16,DF,COADY Conor,Conor David,COADY,COADY,England ENG
17,FW,SAKA Bukayo,Bukayo Ayoyinka,SAKA,SAKA,England ENG
18,DF,ALEXANDER-ARNOLD Trent,Trent John,ALEXANDER-ARNOLD,ALEXANDER-ARNOLD,England ENG
19,MF,MOUNT Mason,Mason Tony,MOUNT,MOUNT,England ENG
20,MF,FODEN Phil,Philip Walter,FODEN,FODEN,England ENG
21,DF,WHITE Ben,Benjamin William,WHITE,WHITE,England ENG
22,MF,BELLINGHAM Jude,Jude Victor William,BELLINGHAM,BELLINGHAM,England ENG
23,GK,RAMSDALE Aaron,Aaron Christopher,RAMSDALE,RAMSDALE,England ENG
24,FW,WILSON Callum,Callum Eddie Graham,WILSON,WILSON,England ENG
25,MF,MADDISON James,James,MADDISON,MADDISON,England ENG
26,MF,GALLAGHER Conor,Conor John,GALLAGHER,GALLAGHER,England ENG
1,GK,LLORIS Hugo,Hugo Hadrien Dominique,LLORIS,LLORIS,France FRA
2,DF,PAVARD Benjamin,Benjamin Jaques Marcel,PAVARD,PAVARD,France FRA
3,DF,DISASI Axel,Axel Wilson Arthur,DISASI MHAKINIS BELHO,DISASI,France FRA
4,DF,VARANE Raphael,Raphaël Xavier,VARANE,VARANE,France FRA
5,DF,KOUNDE Jules,Jules Olivier,KOUNDE,KOUNDE,France FRA
6,MF,GUENDOUZI Matteo,Mattéo Elias Kenzo,GUENDOUZI OLIE,GUENDOUZI,France FRA
7,FW,GRIEZMANN Antoine,Antoine,GRIEZMANN,GRIEZMANN,France FRA
8,MF,TCHOUAMENI Aurelien,Aurélien Djani,TCHOUAMENI,TCHOUAMENI,France FRA
9,FW,GIROUD Olivier,Olivier Jonathan,GIROUD,GIROUD,France FRA
10,FW,MBAPPE Kylian,Kylian,MBAPPE LOTTIN,MBAPPE,France FRA
11,FW,DEMBELE Ousmane,Masour Ousmane,DEMBELE,DEMBELE,France FRA
12,FW,KOLO MUANI Randal,Randal,KOLO MUANI,KOLO MUANI,France FRA
13,DF,FOFANA Youssouf,Youssouf,FOFANA,FOFANA,France FRA
14,MF,RABIOT Adrien,Adrien Thibault Marie,RABIOT,RABIOT,France FRA
15,MF,VERETOUT Jordan,Jordan Marcel Gilbert,VERETOUT,VERETOUT,France FRA
16,GK,MANDANDA Steve,Steve,MANDANDA MPIDI,MANDANDA,France FRA
17,DF,SALIBA William,William Alain André Gabriel,SALIBA,SALIBA,France FRA
18,DF,UPAMECANO Dayot,Dayotchanculle Oswald,UPAMECANO,UPAMECANO,France FRA
19,FW,BENZEMA Karim,Karim Mostafa,BENZEMA,BENZEMA,France FRA
20,FW,COMAN Kingsley,Kingsley Junior,COMAN,COMAN,France FRA
21,DF,HERNANDEZ Lucas,Lucas Francois Bernard,HERNANDEZ,L. HERNANDEZ,France FRA
22,DF,HERNANDEZ Theo,Théo Bernard François,HERNANDEZ,T. HERNANDEZ,France FRA
23,GK,AREOLA Alphonse,Alphonse Francis,AREOLA,AREOLA,France FRA
24,DF,KONATE Ibrahima,Ibrahima,KONATÉ,KONATE,France FRA
25,MF,CAMAVINGA Eduardo,Eduardo Celmi,CAMAVINGA,CAMAVINGA,France FRA
26,FW,THURAM Marcus,Marcus Lilian,THURAM-ULIEN,THURAM,France FRA
1,GK,NEUER Manuel,Manuel Peter,NEUER,NEUER,Germany GER
2,DF,RUEDIGER Antonio,Antonio,RÜDIGER,RÜDIGER,Germany GER
3,DF,RAUM David,David,RAUM,RAUM,Germany GER
4,DF,GINTER Matthias,Matthias Lukas,GINTER,GINTER,Germany GER
5,DF,KEHRER Thilo,Jan Thilo,KEHRER,KEHRER,Germany GER
6,MF,KIMMICH Joshua,Joshua Walter,KIMMICH,KIMMICH,Germany GER
7,FW,HAVERTZ Kai,Kai Lukas,HAVERTZ,HAVERTZ,Germany GER
8,MF,GORETZKA Leon,Leon Christoph,GORETZKA,GORETZKA,Germany GER
9,FW,FUELLKRUG Niclas,Niclas,FÜLLKRUG,FÜLLKRUG,Germany GER
10,FW,GNABRY Serge,Serge David,GNABRY,GNABRY,Germany GER
11,MF,GOETZE Mario,Mario,GÖTZE,GÖTZE,Germany GER
12,GK,TRAPP Kevin,Kevin Christian,TRAPP,TRAPP,Germany GER
13,MF,MUELLER Thomas,Thomas,MÜLLER,MÜLLER,Germany GER
14,MF,MUSIALA Jamal,Jamal,MUSIALA,MUSIALA,Germany GER
15,DF,SUELE Niklas,Niklas,SÜLE,SÜLE,Germany GER
16,DF,KLOSTERMANN Lukas,Lukas Manuel,KLOSTERMANN,KLOSTERMANN,Germany GER
17,MF,BRANDT Julian,Julian,BRANDT,BRANDT,Germany GER
18,MF,HOFMANN Jonas,Jonas,HOFMANN,HOFMANN,Germany GER
19,MF,SANE Leroy,Leroy Aziz,SANÉ,SANÉ,Germany GER
20,DF,GUENTER Christian,Christian,GÜNTER,GÜNTER,Germany GER
21,MF,GUENDOGAN Ilkay,Ilkay,GÜNDO?AN,GÜNDO?AN,Germany GER
22,GK,TER STEGEN Marc-Andre,Marc-André,TER STEGEN,TER STEGEN,Germany GER
23,DF,SCHLOTTERBECK Nico,Nico Cedric,SCHLOTTERBECK,SCHLOTTERBECK,Germany GER
24,FW,ADEYEMI Karim,Karim David,ADEYEMI,ADEYEMI,Germany GER
25,DF,BELLA KOTCHAP Armel,Armel,BELLA KOTCHAP,BELLA KOTCHAP,Germany GER
26,FW,MOUKOKO Youssoufa,Youssoufa,MOUKOKO,MOUKOKO,Germany GER
1,GK,ZIGI Lawrence Ati,Lawrence Ati,ZIGI,ZIGI,Ghana GHA
2,DF,LAMPTEY Tariq,Tariq Kwame Nii-Lante,LAMPTEY,LAMPTAY,Ghana GHA
3,DF,ODOI Denis,Denis Frimpong,ODOI,ODOI,Ghana GHA
4,DF,SALISU Mohammed,Mohammed Salisu,ABDUL KARIM,M. SALISU,Ghana GHA
5,MF,PARTEY Thomas,Thomas Teye,PARTEY,PARTEY,Ghana GHA
6,MF,OWUSU Elisha,Elisha,OWUSU,OWUSU,Ghana GHA
7,MF,ISSAHAKU Fatawu,Abdul Fatawu,ISSAHAKU,A. FATAWU,Ghana GHA
8,MF,KYEREH Daniel-Ko ,Daniel Ko ,KYEREH,KYEREH,Ghana GHA
9,FW,AYEW Jordan,Jordan Pierre,AYEW,J. AYEW,Ghana GHA
10,FW,AYEW Andre,Andre Morgan Rami,AYEW,A. AYEW,Ghana GHA
11,MF,BUKARI Osman,Osman,BUKARI,BUKARI,Ghana GHA
12,GK,DANLAD Ibrahim,Danlad,IBRAHIM,DANLAD,Ghana GHA
13,MF,AFRIYIE Daniel,Daniel,AFRIYIE BERNIEH,AFRIYIE,Ghana GHA
14,DF,MENSAH Gideon,Gideon,MENSAH,MENSAH,Ghana GHA
15,DF,AIDOO Joseph,Joseph,AIDOO,AIDOO,Ghana GHA
16,GK,NURUDEEN Abdul Manaf,Abdul Manaf,NURUDEEN,NURUDEEN,Ghana GHA
17,DF,RAHMAN Baba,Abdul Rahman,BABA,BABA,Ghana GHA
18,DF,AMARTEY Daniel,Daniel,AMARTEY,AMARTEY,Ghana GHA
19,FW,WILLIAMS Inaki,Inaki,WILLIAMS ARTHUER,WILLIAMS,Ghana GHA
20,MF,KUDUS Mohammed,Kudus,MOHAMMED,KUDUS,Ghana GHA
21,MF,ABDUL SAMED Salis,Salis,ABDUL SAMED,ABDUL-SAMED,Ghana GHA
22,MF,SULEMANA Kamaldeen,Kamal Deen,SULEMANA,KAMALDEEN,Ghana GHA
23,DF,DJIKU Alexander,Alexander Kwabena Baidooh,DJIKU,DJIKU,Ghana GHA
24,MF,SOWAH Kamal,Kamal,SOWAH,SOWAH,Ghana GHA
25,FW,SEMENYO Antoine,Antoine Serlom,SEMENYO,SEMENYO,Ghana GHA
26,DF,SEIDU Alidu,Alidu,SEIDU,A. SEIDU,Ghana GHA
1,GK,BEIRANVAND Alireza,Ali Reza,SAFARBEIRANVAND,A. BEIRANVAND,Iran IRN
2,DF,MOHARRAMI Sadegh,Sadegh,MOHARRAMI GETGASARI,MOHARRAMI,Iran IRN
3,DF,HAJISAFI Ehsan,Ehsan,HAJI SAFI,E. HAJISAFI,Iran IRN
4,DF,KHALILZADEH Shoja,Shojae,KHALILZADEH,SHOJA,Iran IRN
5,DF,MOHAMMADI Milad,Milad,MOHAMMADIKESHMARZI,M. MOHAMMADI,Iran IRN
6,MF,EZATOLAHI Saeid,Saeid,EZATOLAHI AFAGH,S. EZATOLAHI,Iran IRN
7,MF,JAHANBAKHSH Alireza,Alireza,JAHAN BAKHSH JIRANDEH,A. JAHANBAKHSH,Iran IRN
8,DF,POURALIGANJI Morteza,Morteza,POURALI GANJI,M. POURALIGANJI,Iran IRN
9,FW,TAREMI Mehdi,Mehdi,TAREMI,TAREMI,Iran IRN
10,FW,ANSARIFARD Karim,Karim,ANSARI FARD,KARIM,Iran IRN
11,MF,AMIRI Vahid,Vahid,AMIRI,V. AMIRI,Iran IRN
12,GK,NIAZMAND Payam,Seyed Payam,NIAZMANDGHADER,PAYAM,Iran IRN
13,DF,KANANI Hossein,Mohammadhossein,KANANI ZADEGAN,KANANI,Iran IRN
14,MF,GHODDOS Saman,Seyed Saman,GHODDOOS,GHODDOS,Iran IRN
15,DF,CHESHMI Rouzbeh,Roozbeh,CHESHMI,ROUZBEH,Iran IRN
16,MF,TORABI Mehdi,Mahdi,TORABI,M. TORABI,Iran IRN
17,MF,GHOLIZADEH Ali,Ali,GHOLI ZADEHNOJEHDEH,A. GHOLIZADEH,Iran IRN
18,MF,KARIMI Ali,Ali,KARIMI,A. KARIMI,Iran IRN
19,DF,HOSSEINI Majid,Seyedmajid,HOSSEINI,MAJID,Iran IRN
20,FW,AZMOUN Sardar,Sardar,AZMOUN,S. AZMOUN,Iran IRN
21,MF,NOOROLLAHI Ahmad,Ahmad,NOOROLLAHI,AHMAD,Iran IRN
22,GK,ABEDZADEH Amir,Amir,ABEDZADEH,ABEDZADEH,Iran IRN
23,DF,REZAEIAN Ramin,Ramin,REZAEIANSEMESKANDI,RAMIN,Iran IRN
24,GK,HOSSEINI Hossein,Seyedhossein,HOSSEINI,H. HOSSEINI,Iran IRN
25,DF,JALALI Abolfazl,Seyedabolfazl,JALALIBOORANI,JALALI,Iran IRN
1,GK,KAWASHIMA Eiji,Eiji,KAWASHIMA,KAWASHIMA,Japan JPN
2,DF,YAMANE Miki,Miki,YAMANE,YAMANE,Japan JPN
3,DF,TANIGUCHI Shogo,Shogo,TANIGUCHI,TANIGUCHI,Japan JPN
4,DF,ITAKURA Kou,Kou,ITAKURA,ITAKURA,Japan JPN
5,DF,NAGATOMO Yuto,Yuto,NAGATOMO,NAGATOMO,Japan JPN
6,MF,ENDO Wataru,Wataru,ENDO,ENDO,Japan JPN
7,MF,SHIBASAKI Gaku,Gaku,SHIBASAKI,GAKU,Japan JPN
8,MF,DOAN Ritsu,Ritsu,DOAN,DOAN,Japan JPN
9,MF,MITOMA Kaoru,Kaoru,MITOMA,MITOMA,Japan JPN
10,MF,MINAMINO Takumi,Takumi,MINAMINO,MINAMINO,Japan JPN
11,MF,KUBO Takefusa,Takefusa,KUBO,KUBO,Japan JPN
12,GK,GONDA Shuichi,Shuichi,GONDA,GONDA,Japan JPN
13,MF,MORITA Hidemasa,Hidemasa,MORITA,MORITA,Japan JPN
14,MF,ITO Junya,Junya,ITO,ITO,Japan JPN
15,MF,KAMADA Daichi,Daichi,KAMADA,KAMADA,Japan JPN
16,DF,TOMIYASU Takehiro,Takehiro,TOMIYASU,TOMIYASU,Japan JPN
17,MF,TANAKA Ao,Ao,TANAKA,TANAKA,Japan JPN
18,FW,ASANO Takuma,Takuma,ASANO,ASANO,Japan JPN
19,DF,SAKAI Hiroki,Hiroki,SAKAI,SAKAI,Japan JPN
20,FW,MACHINO Shuto,Shuto,MACHINO,MACHINO,Japan JPN
21,FW,UEDA Ayase,Ayase,UEDA,UEDA,Japan JPN
22,DF,YOSHIDA Maya,Maya,YOSHIDA,YOSHIDA,Japan JPN
23,GK,SCHMIDT Daniel,Daniel Yuji,YABUKI,SCHMIDT,Japan JPN
24,MF,SOMA Yuki,Yuki,SOMA,SOMA,Japan JPN
25,FW,MAEDA Daizen,Daizen,MAEDA,MAEDA,Japan JPN
26,DF,ITO Hiroki,Hiroki,ITO,H. ITO,Japan JPN
1,GK,KIM Seunggyu,Seunggyu,KIM,S G KIM,Korea-Republic KOR
2,DF,YOON Jonggyu,Jonggyu,YOON,J G YOON,Korea-Republic KOR
3,DF,KIM Jinsu,Jin Su,KIM,J S KIM,Korea-Republic KOR
4,DF,KIM Minjae,Minjae,KIM,M J KIM,Korea-Republic KOR
5,MF,JUNG Wooyoung,Wooyoung,JUNG,W Y JUNG,Korea-Republic KOR
6,MF,HWANG Inbeom,Inbeom,HWANG,I B HWANG,Korea-Republic KOR
7,MF,SON Heungmin,Heung Min,SON,H M SON,Korea-Republic KOR
8,MF,PAIK Seungho,Seungho,PAIK,S H PAIK,Korea-Republic KOR
9,FW,CHO Guesung,Guesung,CHO,G S CHO,Korea-Republic KOR
10,MF,LEE Jaesung,Jae Sung,LEE,J S LEE,Korea-Republic KOR
11,MF,HWANG Heechan,Hee Chan,HWANG,H C HWANG,Korea-Republic KOR
12,GK,SONG Bumkeun,Bumkeun,SONG,B K SONG,Korea-Republic KOR
13,MF,SON Junho,Junho,SON,J H SON,Korea-Republic KOR
14,DF,HONG Chul,Chul,HONG,C HONG,Korea-Republic KOR
15,DF,KIM Moonhwan,Moonhwan,KIM,M H KIM,Korea-Republic KOR
16,FW,HWANG Uijo,Ui Jo,HWANG,U J HWANG,Korea-Republic KOR
17,MF,NA Sangho,Sangho,NA,S H NA,Korea-Republic KOR
18,MF,LEE Kangin,Kangin,LEE,K I LEE,Korea-Republic KOR
19,DF,KIM Younggwon,Younggwon,KIM,Y G KIM,Korea-Republic KOR
20,DF,KWON Kyungwon,Kyungwon,KWON,K W KWON,Korea-Republic KOR
21,GK,JO Hyeonwoo,Hyeonwoo,JO,H W JO,Korea-Republic KOR
22,MF,KWON Changhoon,Changhoon,KWON,C H KWON,Korea-Republic KOR
23,DF,KIM Taehwan,Taehwan,KIM,T H KIM,Korea-Republic KOR
24,DF,CHO Yumin,Yumin,CHO,Y M CHO,Korea-Republic KOR
25,MF,JEONG Wooyeong,Wooyeong,JEONG,W Y JEONG,Korea-Republic KOR
26,MF,SONG Minkyu,Minkyu,SONG,M K SONG,Korea-Republic KOR
1,GK,TALAVERA Alfredo,Alfredo,TALAVERA DIAZ,A. TALAVERA,Mexico MEX
2,DF,ARAUJO Nestor,Nestor Alejandro,ARAUJO RAZO,N. ARAUJO,Mexico MEX
3,DF,MONTES Cesar,Cesar Jasib,MONTES CASTRO,C. MONTES,Mexico MEX
4,DF,ALVAREZ Edson,Edson Omar,ALVAREZ VELAZQUEZ,E. ALVAREZ,Mexico MEX
5,DF,VASQUEZ Johan,Johan Felipe,VASQUEZ IBARRA,J. VASQUEZ,Mexico MEX
6,DF,ARTEAGA Gerardo,Gerardo Daniel,ARTEAGA ZAMORA,G. ARTEAGA,Mexico MEX
7,MF,ROMO Luis,Luis Francisco,ROMO BARRON,L. ROMO,Mexico MEX
8,MF,RODRIGUEZ Carlos,Carlos Alberto,RODRIGUEZ GOMEZ,C. RODRÍGUEZ,Mexico MEX
9,FW,JIMENEZ Raul,Raul Alonso,JIMENEZ RODRIGUEZ,RAÚL,Mexico MEX
10,FW,VEGA Alexis,Ernesto Alexis,VEGA ROJAS,A. VEGA,Mexico MEX
11,FW,FUNES MORI Rogelio,Rogelio Gabriel,FUNES MORI,R. FUNES MORI,Mexico MEX
12,GK,COTA Rodolfo,Rodolfo,COTA ROBLES,R. COTA,Mexico MEX
13,GK,OCHOA Guillermo,Francisco Guillermo,OCHOA MAGA?A,G. OCHOA,Mexico MEX
14,MF,GUTIERREZ Erick,Erick Gabriel,GUTIERREZ GALAVIZ,E. GUTIÉRREZ,Mexico MEX
15,DF,MORENO Hector,Hector Alfredo,MORENO HERRERA,H. MORENO,Mexico MEX
16,MF,HERRERA Hector,Hector Miguel,HERRERA LÓPEZ,H. HERRERA,Mexico MEX
17,FW,PINEDA Orbelin,Orbelin,PINEDA ALVARADO,O. PINEDA,Mexico MEX
18,MF,GUARDADO Andres,Jose Andres,GUARDADO HERNANDEZ,A. GUARDADO,Mexico MEX
19,DF,SANCHEZ Jorge,Jorge Eduardo,SANCHEZ RAMOS,J. SÁNCHEZ,Mexico MEX
20,FW,MARTIN Henry,Henry Josue,MARTIN MEX,H. MARTÍN,Mexico MEX
21,FW,ANTUNA Uriel,Carlos Uriel,ANTUNA ROMERO,U. ANTUNA,Mexico MEX
22,FW,LOZANO Hirving,Hirving Rodrigo,LOZANO BAHENA,H. LOZANO,Mexico MEX
23,DF,GALLARDO Jesus,Jesus Daniel,GALLARDO VASCONCELOS,J. GALLARDO,Mexico MEX
24,MF,CHAVEZ Luis,Luis Gerardo,CHAVEZ MAGALLON,L. CHÁVEZ,Mexico MEX
25,FW,ALVARADO Roberto,Roberto Carlos,ALVARADO HERNANDEZ,R. ALVARADO,Mexico MEX
26,DF,ALVAREZ Kevin,Kevin Nahin,ALVAREZ CAMPOS,K. ÁLVAREZ,Mexico MEX
1,GK,BOUNOU Yassine,Yassine,BOUNOU,BONO,Morocco MAR
2,DF,HAKIMI Achraf,Achraf,HAKIMI,HAKIMI,Morocco MAR
3,DF,MAZRAOUI Noussair,Noussair,MAZRAOUI,MAZRAOUI,Morocco MAR
4,MF,AMRABAT Sofyan,Sofyan,AMRABAT,AMRABAT,Morocco MAR
5,DF,AGUERD Nayef,Nayef,AGUERD,AGUERD,Morocco MAR
6,DF,SAISS Romain,Ghanem,SAISS,SAISS,Morocco MAR
7,MF,ZIYECH Hakim,Hakim,ZIYACH,ZIYECH,Morocco MAR
8,MF,OUNAHI Azzedine,Azz-Eddine,OUNAHI,OUNAHI,Morocco MAR
9,FW,HAMDALLAH Abderrazak,Abderrazzaq,HAMED-ALLAH,HAMED ALLAH,Morocco MAR
10,MF,ZAROURY Anass,Anass,ZAROURY,ZAROURY,Morocco MAR
11,FW,SABIRI Abdelhamid,Abdelhamid,SABIRI,SABIRI,Morocco MAR
12,GK,EL KAJOUI Munir,Monir,EL KAJOUI,EL KAJOUI,Morocco MAR
13,MF,CHAIR Ilias,Ilias,CHAIR,CHAIR,Morocco MAR
14,MF,ABOUKHLAL Zakaria,Zakaria,ABOUKHLAL,ABOUKHLAL,Morocco MAR
15,MF,AMALLAH Selim,Selim,AMALLAH,AMALLAH,Morocco MAR
16,FW,EZZALZOULI Abde,Abdessamad,EZZALZOULI,EZZALZOULI,Morocco MAR
17,MF,BOUFAL So ane,So ane,BOUFAL,BOUFAL,Morocco MAR
18,DF,EL YAMIQ Jawad,Jawad,EL-YAMIQ,EL-YAMIQ,Morocco MAR
19,FW,EN-NESYRI Youssef,Youssef,EN-NESYRI,EN-NESYRI,Morocco MAR
20,DF,DARI Achraf,Achraf,DARI,DARI,Morocco MAR
21,FW,CHEDDIRA Walid,Walid,CHEDDIRA,CHEDDIRA,Morocco MAR
22,GK,TAGNAOUTI Ahmed Reda,Ahmed Reda,TAGNAOUTI,TAGNAOUTI,Morocco MAR
23,MF,EL KHANNOUSS Bilal,Bilal,EL KHANNOUSS,EL KHANNOUSS,Morocco MAR
24,DF,BENOUN Badr,Badr,BENOUN,BENOUN,Morocco MAR
25,DF,ATTIAT-ALLAH Yahya,Yahya,ATTIAT-ALLAH EL IDRISSI,ATTIAT-ALLAH,Morocco MAR
26,MF,JABRANE Yahya,Yahya,JABRANE,JABRANE,Morocco MAR
1,GK,PASVEER Remko,Remko Jurian,PASVEER,PASVEER,Netherlands NED
2,DF,TIMBER Jurrien,Jurriën David Norman,TIMBER,TIMBER,Netherlands NED
3,DF,DE LIGT Matthijs,Matthijs,DE LIGT,DE LIGT,Netherlands NED
4,DF,VAN DIJK Virgil,Virgil,VAN DIJK,VIRGIL,Netherlands NED
5,DF,AKE Nathan,Nathan Benjamin,AKÉ,AKÉ,Netherlands NED
6,DF,DE VRIJ Stefan,Stefan,DE VRIJ,DE VRIJ,Netherlands NED
7,FW,BERGWIJN Steven,Steven Charles,BERGWIJN,BERGWIJN,Netherlands NED
8,FW,GAKPO Cody,Cody Math?s,GAKPO,GAKPO,Netherlands NED
9,FW,DE JONG Luuk,Luuk,DE JONG,L. DE JONG,Netherlands NED
10,FW,DEPAY Memphis,Memphis,DEPAY,MEMPHIS,Netherlands NED
11,MF,BERGHUIS Steven,Steven,BERGHUIS,BERGHUIS,Netherlands NED
12,FW,LANG Noa,Noa Noëll,LANG,LANG,Netherlands NED
13,GK,BIJLOW Justin,Justin,BIJLOW,BIJLOW,Netherlands NED
14,MF,KLAASSEN Davy,Davy,KLAASSEN,KLAASSEN,Netherlands NED
15,MF,DE ROON Marten,Marten Elco,DE ROON,DE ROON,Netherlands NED
16,DF,MALACIA Tyrell,Tyrell Johannes Chicco,MALACIA,MALACIA,Netherlands NED
17,DF,BLIND Daley,Daley,BLIND,BLIND,Netherlands NED
18,FW,JANSSEN Vincent,Vincent Petrus Anna Sebastiaan,JANSSEN,JANSSEN,Netherlands NED
19,FW,WEGHORST Wout,Wout François Maria,WEGHORST,WEGHORST,Netherlands NED
20,MF,KOOPMEINERS Teun,Teun,KOOPMEINERS,KOOPMEINERS,Netherlands NED
21,MF,DE JONG Frenkie,Frenkie,DE JONG,F. DE JONG,Netherlands NED
22,DF,DUMFRIES Denzel,Denzel Justus Morris,DUMFRIES,DUMFRIES,Netherlands NED
23,GK,NOPPERT Andries,Andries,NOPPERT,NOPPERT,Netherlands NED
24,MF,TAYLOR Kenneth,Kenneth Ina Dorothea,TAYLOR,TAYLOR,Netherlands NED
25,MF,SIMONS Xavi,Xavi Quentin Shay,SIMONS,XAVI,Netherlands NED
26,DF,FRIMPONG Jeremie,Jeremie Agyekum,FRIMPONG,FRIMPONG,Netherlands NED
1,GK,SZCZESNY Wojciech,Wojciech Tomasz,SZCZÊSNY,SZCZÊSNY,Poland POL
2,DF,CASH Matty,Matthew Stuart,CASH,CASH,Poland POL
3,DF,JEDRZEJCZYK Artur,Artur Marcin,JÊDRZEJCZYK,JÊDRZEJCZYK,Poland POL
4,DF,WIETESKA Mateusz,Mateusz,WIETESKA,WIETESKA,Poland POL
5,DF,BEDNAREK Jan,Jan Kacper,BEDNAREK,BEDNAREK,Poland POL
6,MF,BIELIK Krystian,Krystian,BIELIK,BIELIK,Poland POL
7,FW,MILIK Arkadiusz,Arkadiusz Krystian,MILIK,MILIK,Poland POL
8,MF,SZYMANSKI Damian,Damian Dawid,SZYMAÑSKI,D. SZYMAÑSKI,Poland POL
9,FW,LEWANDOWSKI Robert,Robert,LEWANDOWSKI,LEWANDOWSKI,Poland POL
10,MF,KRYCHOWIAK Grzegorz,Grzegorz,KRYCHOWIAK,KRYCHOWIAK,Poland POL
11,MF,GROSICKI Kamil,Kamil Pawe³,GROSICKI,GROSICKI,Poland POL
12,GK,SKORUPSKI Lukasz,£ukasz,SKORUPSKI,SKORUPSKI,Poland POL
13,MF,KAMINSKI Jakub,Jakub,KAMIÑSKI,KAMIÑSKI,Poland POL
14,DF,KIWIOR Jakub,Jakub Piotr,KIWIOR,KIWIOR,Poland POL
15,DF,GLIK Kamil,Kamil Jacek,GLIK,GLIK,Poland POL
16,FW,SWIDERSKI Karol,Karol Grzegorz,ŒWIDERSKI,ŒWIDERSKI,Poland POL
17,MF,ZURKOWSKI Szymon,Szymon Piotr,¯URKOWSKI,¯URKOWSKI,Poland POL
18,DF,BERESZYNSKI Bartosz,Bartosz,BERESZYÑSKI,BERESZYÑSKI,Poland POL
19,MF,SZYMANSKI Sebastian,Sebastian,SZYMAÑSKI,S. SZYMAÑSKI,Poland POL
20,MF,ZIELINSKI Piotr,Piotr Sebastian,ZIELIÑSKI,ZIELIÑSKI,Poland POL
21,MF,ZALEWSKI Nicola,Nicola,ZALEWSKI,ZALEWSKI,Poland POL
22,GK,GRABARA Kamil,Kamil Mieczys³aw,GRABARA,GRABARA,Poland POL
23,FW,PIATEK Krzysztof,Krzysztof,PI¥TEK,PI¥TEK,Poland POL
24,MF,FRANKOWSKI Przemyslaw,Przemys³aw Adam,FRANKOWSKI,FRANKOWSKI,Poland POL
25,DF,GUMNY Robert,Robert Krzysztof,GUMNY,GUMNY,Poland POL
26,MF,SKORAS Michal,Micha³ Krzysztof,SKÓRAŒ,SKÓRAŒ,Poland POL
1,GK,RUI PATRICIO,Rui Pedro,DOS SANTOS PATRÍCIO,RUI PATRÍCIO,Portugal POR
2,DF,DIOGO DALOT,José Diogo,DALOT TEIXEIRA,DALOT,Portugal POR
3,DF,PEPE,Kepler Laveran,DE LIMA FERREIRA,PEPE,Portugal POR
4,DF,RUBEN DIAS,Rúben,DOS SANTOS GATO ALVES DIAS,RÚBEN DIAS,Portugal POR
5,DF,RAPHAEL GUERREIRO,Raphaël Adelino José,GUERREIRO,RAPHAEL,Portugal POR
6,MF,JOAO PALHINHA,Jo?o Maria,LOBO ALVES PALHINHA GONÇALVES,J. PALHINHA,Portugal POR
7,FW,CRISTIANO RONALDO,Cristiano Ronaldo,DOS SANTOS AVEIRO,RONALDO,Portugal POR
8,MF,BRUNO FERNANDES,Bruno Miguel,BORGES FERNANDES,B. FERNANDES,Portugal POR
9,FW,ANDRE SILVA,André Miguel,VALENTE DA SILVA,ANDRÉ SILVA,Portugal POR
10,FW,BERNARDO SILVA,Bernardo,MOTA VEIGA DE CARVALHO E SILVA,BERNARDO,Portugal POR
11,FW,JOAO FELIX,Jo?o,FÉLIX SEQUEIRA,JO?O FÉLIX,Portugal POR
12,GK,JOSE SA,José Pedro,MALHEIRO DE SÁ,JOSÉ SÁ,Portugal POR
13,DF,DANILO PEREIRA,Danilo Luís Hélio,PEREIRA,DANILO,Portugal POR
14,MF,WILLIAM CARVALHO,William,SILVA DE CARVALHO,WILLIAM,Portugal POR
15,FW,RAFAEL LEAO,Rafael Alexandre,DA CONCEIÇ?O LE?O,R. LE?O,Portugal POR
16,MF,VITINHA,Vitor,MACHADO FERREIRA,VITINHA,Portugal POR
17,MF,JOAO MARIO,Jo?o Mário,NAVAL DA COSTA EDUARDO,J. MÁRIO,Portugal POR
18,MF,RUBEN NEVES,Rúben Diogo,SILVA NEVES,R. NEVES,Portugal POR
19,DF,NUNO MENDES,Nuno Alexandre,TAVARES MENDES,N. MENDES,Portugal POR
20,DF,JOAO CANCELO,Jo?o Pedro,CAVACO CANCELO,JO?O CANCELO,Portugal POR
21,FW,RICARDO HORTA,Ricardo Jorge,DA LUZ HORTA,R. HORTA,Portugal POR
22,GK,DIOGO COSTA,Diogo,MEIRELES DA COSTA,DIOGO COSTA,Portugal POR
23,MF,MATHEUS NUNES,Matheus Luíz,NUNES,MATHEUS N.,Portugal POR
24,DF,ANTONIO SILVA,António Jo?o,PEREIRA DE ALBUQUERQUE TAVARES,ANTÓNIO S.,Portugal POR
25,MF,OTAVIO,Otávio Edmilson,DA SILVA MONTEIRO,OTÁVIO,Portugal POR
26,FW,GONCALO RAMOS,Gonçalo,MATIAS RAMOS,G. RAMOS,Portugal POR
1,GK,SAAD ALSHEEB,Saad Abdulla M E,ALSHEEB,SAAD,Qatar QAT
2,DF,PEDRO MIGUEL,Pedro Miguel D D,CORREIA,PEDRO,Qatar QAT
3,MF,ABDELKARIM HASSAN,Abdelkarim Hassan A,FADLALLA,ABDELKARIM,Qatar QAT
4,DF,MOHAMMED WAAD,Mohammed Waad A,ALBAYATI,M. WAAD,Qatar QAT
5,DF,TAREK SALMAN,Tarek Salman S,SALMAN,TAREK,Qatar QAT
6,MF,ABDULAZIZ HATEM,Abdelaziz Hatim A,MOHAMED,A. AZIZ,Qatar QAT
7,FW,AHMED ALAAELDIN,Ahmed Alaaeldin B M,ABDELMOTAAL,ALAADIN,Qatar QAT
8,MF,ALI ASAD,Ali Asadalla Q B,THAIMN,ASAD,Qatar QAT
9,FW,MOHAMMED MUNTARI,Mohammed,MUNTARI,MUNTARI,Qatar QAT
10,MF,HASSAN ALHAYDOS,Hasan Khalid H,ALHAYDOS,ALHAYDOS,Qatar QAT
11,FW,AKRAM AFIF,Akram Hassan A Y,AFIF,AFIF,Qatar QAT
12,MF,KARIM BOUDIAF,Karim,BOUDIAF,KARIM,Qatar QAT
13,DF,MUSAAB KHIDIR,Musaab Khidir K,MOHAMED,MUSAAB,Qatar QAT
14,DF,HOMAM AHMED,Homam Elamin M,AHMED,HOMAM,Qatar QAT
15,DF,BASSAM ALRAWI,Bassam Husham A,ALRAWI,BASSAM,Qatar QAT
16,DF,BOUALEM KHOUKHI,Boualem,KHOUKHI,KHOUKHI,Qatar QAT
17,DF,ISMAIL MOHAMAD,Ismail Mohamad M,B,ISMAIL M.,Qatar QAT
18,FW,KHALID MUNEER,Khalid Muneer A A,MAZEED,K. MUNEER,Qatar QAT
19,FW,ALMOEZ ALI,Almoez Ali Zainelabdeen M,ABDULLA,ALMOEZ,Qatar QAT
20,MF,SALEM ALHAJRI,Salem Ali S S,AL-HAJRI,S. ALHAJRI,Qatar QAT
21,GK,YOUSOF HASSAN,Yousof Hassan M,ALI,YOUSOF,Qatar QAT
22,GK,MESHAAL BARSHAM,Meshaal Aissa M,BARSHAM,BARSHAM,Qatar QAT
23,MF,ASSIM MADIBO,Assim Omer A,MADIBO,MADIBO,Qatar QAT
24,MF,NAIF ALHADHRAMI,Naif Abdulraheem O,ALHADHRAMI,NAIF,Qatar QAT
25,MF,JASSEM GABER,Jassem Gaber E,ABDULSALLAM,JASSEM,Qatar QAT
26,MF,MOUSTAFA TAREK,Moustafa Tarek M M,MASHAL,MOUSTAFA,Qatar QAT
1,GK,MOHAMMED ALYAMI,Mohammed Faraj S,ALYAMI,ALYAMI,Saudi-Arabia KSA
2,DF,SULTAN ALGHANNAM,Sultan Abdullah S,ALGHANNAM,SULTAN,Saudi-Arabia KSA
3,DF,ABDULLAH MADU,Abdullah Mohammed M,MADU,MADU,Saudi-Arabia KSA
4,DF,ABDULELAH ALAMRI,Abdulelah Ali A,ALAMRI,ALAMRI,Saudi-Arabia KSA
5,DF,ALI ALBULAYHI,Ali Hadi M,AL BULAYHI,ALBULAYHI,Saudi-Arabia KSA
6,DF,MOHAMMED ALBURAYK,Mohammed Ibrahim M,ALBURAYK,ALBURAYK,Saudi-Arabia KSA
7,MF,SALMAN ALFARAJ,Salman Mohammed M,ALFARAJ,SALMAN,Saudi-Arabia KSA
8,MF,ABDULELAH ALMALKI,Abdulelah Saad H,ALMALKI,ALMALKI,Saudi-Arabia KSA
9,FW,FERAS ALBRIKAN,Feras Tariq N,ALBRIKAN,FERAS,Saudi-Arabia KSA
10,FW,SALEM ALDAWSARI,Salem Mohammed S,ALDAWSARI,SALEM,Saudi-Arabia KSA
11,FW,SALEH ALSHEHRI,Saleh Khalid M,ALSHEHRI,ALSHEHRI,Saudi-Arabia KSA
12,DF,SAUD ABDULHAMID,Saud Abdullah S,ABDULHAMID,SAUD,Saudi-Arabia KSA
13,DF,YASSER ALSHAHRANI,Yasir Gharsan S,ALSHAHRANI,YASSER,Saudi-Arabia KSA
14,MF,ABDULLAH OTAYF,Abdullah Ibrahim Y,OTAYF,OTAYF,Saudi-Arabia KSA
15,MF,ALI ALHASSAN,Ali Sadiq N,ALHASSAN,ALHASSAN,Saudi-Arabia KSA
16,MF,SAMI ALNAJI,Sami Khalil N,ALNAJI,SAMI,Saudi-Arabia KSA
17,DF,HASSAN ALTAMBAKTI,Hassan Mohammed O,ALTAMBAKTI,ALTAMBAKTI,Saudi-Arabia KSA
18,MF,NAWAF ALABID,Nawaf Shaker F,ALABID,NAWAF,Saudi-Arabia KSA
19,FW,HATAN BAHBRI,Hatan Sultan A,BAHBRI,HATAN,Saudi-Arabia KSA
20,FW,ABDULRAHMAN ALOBUD,Abdulrahman Ali H,ALOBUD,ALOBUD,Saudi-Arabia KSA
21,GK,MOHAMMED ALOWAIS,Mohammed Khalil I,ALOWAIS,ALOWAIS,Saudi-Arabia KSA
22,GK,NAWAF ALAQIDI,Nawaf Dhahi F,ALAQIDI,ALAQIDI,Saudi-Arabia KSA
23,MF,MOHAMED KANNO,Mohammed Ibrahim A,KANNO,KANNO,Saudi-Arabia KSA
24,MF,NASSER ALDAWSARI,Nasser Essa S,ALDAWSARI,NASSER,Saudi-Arabia KSA
25,FW,HAITHAM ASIRI,Haitham Mohammed A,ASIRI,HAITHAM,Saudi-Arabia KSA
26,MF,RIYADH SHARAHILI,Riyadh Mohammed M,SHARAHILI,RIYADH,Saudi-Arabia KSA
1,GK,DIENG Seny,Seny Timothy,DIENG,DIENG,Senegal SEN
2,DF,MENDY Formose,Formose,MENDY,FORMOSE,Senegal SEN
3,DF,KOULIBALY Kalidou,Kalidou,KOULIBALY,KOULIBALY,Senegal SEN
4,DF,CISSE Pape Abou,Pape Abou,CISSE,P. A. CISSE,Senegal SEN
5,MF,GUEYE Idrissa Gana,Idrissa Gana,GUEYE,GANA,Senegal SEN
6,MF,MENDY Nampalys,Nampalys,MENDY,N. MENDY,Senegal SEN
7,FW,JACKSON Nicolas,Nicolas,JACKSON,N. JACKSON,Senegal SEN
8,DF,KOUYATE Cheikhou,Cheikhou,KOUYATE,KOUYATÉ,Senegal SEN
9,FW,DIA Boulaye,Boulaye,DIA,B. DIA,Senegal SEN
10,DF,NDIAYE Moussa,Moussa,NDIAYE,M. NDIAYE,Senegal SEN
11,MF,CISS Pathe,Ismaila Pathe,CISS,P. I. CISS,Senegal SEN
12,DF,BALLO-TOURE Fode,Fode,BALLO,B. TOURE,Senegal SEN
13,FW,NDIAYE Iliman,Iliman Cheikh Baroy,NDIAYE,NDIAYE,Senegal SEN
14,DF,JAKOBS Ismail,Ismail Joshua,JAKOBS,JAKOBS,Senegal SEN
15,MF,DIATTA Krepin,Krépin,DIATTA,DIATTA,Senegal SEN
16,GK,MENDY Edouard,Edouard Osoque,MENDY,MENDY,Senegal SEN
17,MF,SARR Pape Matar,Pape Matar,SARR,P. M. SARR,Senegal SEN
18,FW,SARR Ismaila,Ismaila,SARR,ISMAILA,Senegal SEN
19,FW,DIEDHIOU Famara,Famara,DIEDHIOU,F. DIEDHIOU,Senegal SEN
20,FW,DIENG Bamba,Cheikh Ahmadou Bamba Mbacke,DIENG,BAMBA,Senegal SEN
21,DF,SABALY Youssouf,Youssouf,SABALY,SABALY,Senegal SEN
22,DF,DIALLO Abdou,Abdou Lakhad,DIALLO,DIALLO,Senegal SEN
23,GK,GOMIS Alfred,Amigo Alfred Junior,GOMIS,GOMIS,Senegal SEN
24,DF,NAME Moustapha,Moustapha,NAME,M. NAMÉ,Senegal SEN
25,MF,LOUM Mamadou,Mamadou Loum,NDIAYE,LOUM,Senegal SEN
26,MF,GUEYE Pape,Pape Alassane,GUEYE,GUEYE,Senegal SEN
1,GK,DMITROVIC Marko,Marko,DMITROVIÆ,DMITROVIÆ,Serbia SRB
2,DF,PAVLOVIC Strahinja,Strahinja,PAVLOVIÆ,PAVLOVIÆ,Serbia SRB
3,DF,ERAKOVIC Strahinja,Strahinja,ERAKOVIÆ,ERAKOVIÆ,Serbia SRB
4,DF,MILENKOVIC Nikola,Nikola,MILENKOVIÆ,MILENKOVIÆ,Serbia SRB
5,DF,VELJKOVIC Milos,Miloš,VELJKOVIÆ,VELJKOVIÆ,Serbia SRB
6,MF,MAKSIMOVIC Nemanja,Nemanja,MAKSIMOVIÆ,MAKSIMOVIÆ,Serbia SRB
7,FW,RADONJIC Nemanja,Nemanja,RADONJIÆ,RADONJIÆ,Serbia SRB
8,MF,GUDELJ Nemanja,Nemanja,GUDELJ,GUDELJ,Serbia SRB
9,FW,MITROVIC Aleksandar,Aleksandar,MITROVIÆ,A. MITROVIÆ,Serbia SRB
10,FW,TADIC Dusan,Dušan,TADIÆ,TADIÆ,Serbia SRB
11,FW,JOVIC Luka,Luka,JOVIÆ,JOVIÆ,Serbia SRB
12,GK,RAJKOVIC Predrag,Predrag,RAJKOVIÆ,RAJKOVIÆ,Serbia SRB
13,DF,MITROVIC Stefan,Stefan,MITROVIÆ,S. MITROVIÆ,Serbia SRB
14,MF,ZIVKOVIC Andrija,Andrija,ŽIVKOVIÆ,ŽIVKOVIÆ,Serbia SRB
15,DF,BABIC Srdjan,Srðan,BABIÆ,BABIÆ,Serbia SRB
16,MF,LUKIC Sasa,Saša,LUKIÆ,LUKIÆ,Serbia SRB
17,MF,KOSTIC Filip,Filip,KOSTIÆ,KOSTIÆ,Serbia SRB
18,FW,VLAHOVIC Dusan,Dušan,VLAHOVIÆ,VLAHOVIÆ,Serbia SRB
19,MF,RACIC Uros,Uroš,RAÈIÆ,RAÈIÆ,Serbia SRB
20,MF,MILINKOVIC-SAVIC Sergej,Sergej,MILINKOVIÆ-SAVIÆ,SERGEJ,Serbia SRB
21,FW,DJURICIC Filip,Filip,ÐURIÈIÆ,ÐURIÈIÆ,Serbia SRB
22,MF,LAZOVIC Darko,Darko,LAZOVIÆ,LAZOVIÆ,Serbia SRB
23,GK,MILINKOVIC-SAVIC Vanja,Vanja,MILINKOVIÆ SAVIÆ,VANJA,Serbia SRB
24,MF,ILIC Ivan,Ivan,ILIÆ,ILIÆ,Serbia SRB
25,DF,MLADENOVIC Filip,Filip,MLADENOVIÆ,MLADENOVIÆ,Serbia SRB
26,MF,GRUJIC Marko,Marko,GRUJIÆ,GRUJIÆ,Serbia SRB
1,GK,SANCHEZ Robert,Robert,LYNCH SÁNCHEZ,SÁNCHEZ,Spain ESP
2,DF,AZPILICUETA Cesar,César,AZPILICUETA TANCO,AZPILICUETA,Spain ESP
3,DF,GARCIA Eric,Eric,GARCÍA MARTRET,ERIC,Spain ESP
4,DF,TORRES Pau,Pau,FRANCISCO TORRES,PAU,Spain ESP
5,MF,BUSQUETS Sergio,Sergio,BUSQUETS BURGOS,SERGIO,Spain ESP
6,MF,LLORENTE Marcos,Marcos,LLORENTE MORENO,M. LLORENTE,Spain ESP
7,FW,MORATA Alvaro,Álvaro Borja,MORATA MARTÍN,MORATA,Spain ESP
8,MF,KOKE,Jorge,RESURRECCIÓN MERODIO,KOKE,Spain ESP
9,MF,GAVI,Pablo,PAEZ GAVIRA,GAVI,Spain ESP
10,FW,ASENSIO Marco,Marco,ASENSIO WILLEMSEN,M. ASENSIO,Spain ESP
11,FW,TORRES Ferran,Ferran,TORRES GARCÍA,FERRAN,Spain ESP
12,FW,WILLIAMS Nico,Nicholas,WILLIAMS ARTHUER,WILLIAMS JR.,Spain ESP
13,GK,RAYA David,David,RAYA MARTÍN,RAYA,Spain ESP
14,DF,BALDE Alejandro,Alejandro,BALDE MARTÍNEZ,BALDE,Spain ESP
15,DF,GUILLAMON Hugo,Hugo,GUILLAMÓN SANMARTÍN,HUGO G.,Spain ESP
16,MF,RODRI,Rodrigo,HERNÁNDEZ CASCANTE,RODRIGO,Spain ESP
17,FW,PINO Yeremy,Yeremy Jesús,PINO SANTOS,YEREMY,Spain ESP
18,DF,ALBA Jordi,Jordi,ALBA RAMOS,JORDI ALBA,Spain ESP
19,MF,SOLER Carlos,Carlos,SOLER BARRAGAN,C. SOLER,Spain ESP
20,DF,CARVAJAL Dani,Daniel,CARVAJAL RAMOS,CARVAJAL,Spain ESP
21,FW,OLMO Dani,Daniel,OLMO CARVAJAL,OLMO,Spain ESP
22,FW,SARABIA Pablo,Pablo,SARABIA GARCIA,SARABIA,Spain ESP
23,GK,SIMON Unai,Unai,SIMÓN MENDIBIL,UNAI SIMÓN,Spain ESP
24,DF,LAPORTE Aymeric,Aymeric,LAPORTE FEVRE,LAPORTE,Spain ESP
25,FW,FATI Ansu,Anssumane,FATI VIEIRA,ANSU FATI,Spain ESP
26,MF,PEDRI,Pedro,GONZÁLEZ LÓPEZ,PEDRI,Spain ESP
1,GK,SOMMER Yann,Yann,SOMMER,SOMMER,Switzerland SUI
2,DF,FERNANDES Edimilson,Edimilson,FERNANDES RIBEIRO,FERNANDES,Switzerland SUI
3,DF,WIDMER Silvan,Silvan Dominic,WIDMER,WIDMER,Switzerland SUI
4,DF,ELVEDI Nico,Nico,ELVEDI,ELVEDI,Switzerland SUI
5,DF,AKANJI Manuel,Manuel Obafemi,AKANJI,AKANJI,Switzerland SUI
6,MF,ZAKARIA Denis,Denis Lemi,ZAKARIA LAKO LADO,ZAKARIA,Switzerland SUI
7,FW,EMBOLO Breel,Breel Donald,EMBOLO,EMBOLO,Switzerland SUI
8,MF,FREULER Remo,Remo Marco,FREULER,FREULER,Switzerland SUI
9,FW,SEFEROVIC Haris,Haris,SEFEROVIC,SEFEROVIC,Switzerland SUI
10,MF,XHAKA Granit,Granit,XHAKA,XHAKA,Switzerland SUI
11,DF,STEFFEN Renato,Renato,STEFFEN,STEFFEN,Switzerland SUI
12,GK,OMLIN Jonas,Jonas,OMLIN,OMLIN,Switzerland SUI
13,DF,RODRIGUEZ Ricardo,Ricardo Ivan,RODRIGUEZ ARAYA,RODRIGUEZ,Switzerland SUI
14,MF,AEBISCHER Michel,Michel,AEBISCHER,AEBISCHER,Switzerland SUI
15,MF,SOW Djibril,Mohameth Djibril Ibrahima,SOW,SOW,Switzerland SUI
16,MF,FASSNACHT Christian,Christian Andreas,FASSNACHT,FASSNACHT,Switzerland SUI
17,FW,VARGAS Ruben,Ruben Estephan,VARGAS MARITNEZ,VARGAS,Switzerland SUI
18,DF,COEMERT Eray,Eray Ervin,CÖMERT,CÖMERT,Switzerland SUI
19,FW,OKAFOR Noah,Noah Arinzechukwu,OKAFOR,OKAFOR,Switzerland SUI
20,MF,FREI Fabian,Fabian,FREI,FREI,Switzerland SUI
21,GK,KOBEL Gregor,Gregor,KOBEL,KOBEL,Switzerland SUI
22,DF,SCHAER Fabian,Fabian Lukas,SCHÄR,SCHÄR,Switzerland SUI
23,MF,SHAQIRI Xherdan,Xherdan,SHAQIRI,SHAQIRI,Switzerland SUI
24,GK,KOEHN Philipp,Philipp Francois,KÖHN,KÖHN,Switzerland SUI
25,MF,RIEDER Fabian,Fabian,RIEDER,RIEDER,Switzerland SUI
26,MF,JASHARI Ardon,Ardon,JASHARI,JASHARI,Switzerland SUI
1,GK,MATHLOUTHI Aymen,Aymen,MATHLOUTHI,MATHLOUTHI,Tunisia TUN
2,DF,IFA Bilel,Bilel,IFA,IFA,Tunisia TUN
3,DF,TALBI Montassar,Montassar Omar,TALBI,TALBI,Tunisia TUN
4,DF,MERIAH Yassine,Yassine,MERIAH,MERIAH,Tunisia TUN
5,MF,GHANDRI Nader,Nader,GHANDRI,GHANDRI,Tunisia TUN
6,DF,BRONN Dylan,Dylan Daniel Mahmoud,BRONN,BRONN,Tunisia TUN
7,FW,MSAKNI Youssef,Youssef,MSAKNI,MSAKNI,Tunisia TUN
8,MF,MEJBRI Hannibal,Hannibal,MEJBRI,HANNIBAL,Tunisia TUN
9,FW,JEBALI Issam,Issam,JEBALI,JEBALI,Tunisia TUN
10,FW,KHAZRI Wahbi,Wahbi,KHAZRI,KHAZRI,Tunisia TUN
11,FW,KHENISSI Taha Yassine,Taha Yassine,KHENISSI,KHENISSI,Tunisia TUN
12,DF,MAALOUL Ali,Ali,MAALOUL,MAALOUL,Tunisia TUN
13,MF,SASSI Ferjani,Ferjani,SASSI,SASSI,Tunisia TUN
14,MF,LAIDOUNI Aissa,A?ssa Bilal,LA?DOUNI,LAIDOUNI,Tunisia TUN
15,MF,BEN ROMDHANE Mohamed Ali,Mohamed Ali,BEN ROMDHAN,BEN ROMDHANE,Tunisia TUN
16,GK,DAHMEN Aymen,Aymen,DAHMEN,DAHMEN,Tunisia TUN
17,MF,SKHIRI Ellyes,Ellyes Joris,SKHIRI,SKHIRI,Tunisia TUN
18,MF,CHAALELI Ghaylen,Ghaylen,CHAALELI,CHAALELI,Tunisia TUN
19,FW,JAZIRI Seifeddine,Seifeddine,JAZIRI,JAZIRI,Tunisia TUN
20,DF,DRAGER Mohamed,Mohamed,DRAGER,DRAGER,Tunisia TUN
21,DF,KECHRIDA Wajdi,Wajdi,KECHRIDA,KECHRIDA,Tunisia TUN
22,GK,BEN SAID Bechir,Bechir,SAID,BEN SAID,Tunisia TUN
23,FW,SLITI Naim,Naim,SLITI,SLITI,Tunisia TUN
24,DF,ABDI Ali,Ali,ELABDI,ABDI,Tunisia TUN
25,FW,SLIMANE Anis,Anis,BEN SLIMANE,SLIMANE,Tunisia TUN
26,GK,HASSEN Mouez,Mouez,HASSEN,HASSEN,Tunisia TUN
1,GK,MUSLERA Fernando,Nestor Fernando,MUSLERA MICOL,F. MUSLERA,Uruguay URU
2,DF,GIMENEZ Jose Maria,José María,GIMÉNEZ DE VARGAS,J. M. GIMÉNEZ,Uruguay URU
3,DF,GODIN Diego,Diego Roberto,GODIN LEAL,D. GODIN,Uruguay URU
4,DF,ARAUJO Ronald,Ronald Federico,ARAUJO DA SILVA,R. ARAUJO,Uruguay URU
5,MF,VECINO Matias,Matias,VECINO FALERO,M. VECINO,Uruguay URU
6,MF,BENTANCUR Rodrigo,Rodrigo,BENTANCUR COLMAN,R. BENTANCUR,Uruguay URU
7,MF,DE LA CRUZ Nicolas,Diego Nicolas,DE LA CRUZ ARCOSA,N. DE LA CRUZ,Uruguay URU
8,FW,PELLISTRI Facundo,Facundo,PELLISTRI REBOLLO,F. PELLISTRI,Uruguay URU
9,FW,SUAREZ Luis,Luis Alberto,SUAREZ DIAZ,L. SUAREZ,Uruguay URU
10,MF,DE ARRASCAETA Giorgian,Giorgian Daniel,DE ARRASCAETA BENEDETTI,G. DE ARRASCAETA,Uruguay URU
11,FW,NUNEZ Darwin,Darwin Gabriel,NU?EZ RIBEIRO,D. NU?EZ,Uruguay URU
12,GK,SOSA Sebastian,Carlos Sebastian,SOSA SILVA,S. SOSA,Uruguay URU
13,DF,VARELA Guillermo,Guillermo,VARELA OLIVERA,G. VARELA,Uruguay URU
14,MF,TORREIRA Lucas,Lucas Sebastian,TORREIRA DI PASCUA,L. TORREIRA,Uruguay URU
15,MF,VALVERDE Federico,Federico Santiago,VALVERDE DIPETTA,F. VALVERDE,Uruguay URU
16,DF,OLIVERA Mathias,Mathias,OLIVERA MIRAMONTES,M. OLIVERA,Uruguay URU
17,DF,VINA Matias,Matias Nicolas,VI?A SUSPERREGUY,M. VI?A,Uruguay URU
18,FW,GOMEZ Maxi,Maximiliano,GÓMEZ GONZÁLEZ,M. GÓMEZ,Uruguay URU
19,DF,COATES Sebastian,Sebastián,COATES NION,S. COATES,Uruguay URU
20,FW,TORRES Facundo,Facundo Daniel,TORRES PEREZ,F. TORRES,Uruguay URU
21,FW,CAVANI Edinson,Edinson Roberto,CAVANI GOMEZ,E. CAVANI,Uruguay URU
22,DF,CACERES Martin,José Martín,CÁCERES SILVA,M. CÁCERES,Uruguay URU
23,GK,ROCHET Sergio,Sergio Ramón,ROCHET ALVAREZ,S. ROCHET,Uruguay URU
24,MF,CANOBBIO Agustin,Agustin,CANOBBIO GRAVIZ,A. CANOBBIO,Uruguay URU
25,MF,UGARTE Manuel,Manuel,UGARTE RIBEIRO,M. UGARTE,Uruguay URU
26,DF,RODRIGUEZ Jose Luis,Jose Luis,RODRIGUEZ BEBANZ,J. L. RODRIGUEZ,Uruguay URU
1,GK,TURNER Matt,Matthew Charles,TURNER,TURNER,USA USA
2,DF,DEST Sergino,Sergino Gianni,DEST,DEST,USA USA
3,DF,ZIMMERMAN Walker,Walker Dwain,ZIMMERMAN,ZIMMERMAN,USA USA
4,MF,ADAMS Tyler,Tyler Shaan,ADAMS,ADAMS,USA USA
5,DF,ROBINSON Antonee,Antonee,ROBINSON,ROBINSON,USA USA
6,MF,MUSAH Yunus,Yunus Dimoara,MUSAH,MUSAH,USA USA
7,FW,REYNA Giovanni,Giovanni Alejandro,REYNA,REYNA,USA USA
8,MF,McKENNIE Weston,Weston James Earl,MCKENNIE,MCKENNIE,USA USA
9,FW,FERREIRA Jesus,Jesus David,FERREIRA CASTRO,FERREIRA,USA USA
10,FW,PULISIC Christian,Christian Mate,PULISIC,PULISIC,USA USA
11,FW,AARONSON Brenden,Brenden Russell,AARONSON,AARONSON,USA USA
12,GK,HORVATH Ethan,Ethan Shea,HORVATH,HORVATH,USA USA
13,DF,REAM Tim,Timothy Michael,REAM,REAM,USA USA
14,MF,DE LA TORRE Luca,Lucas Daniel,DE LA TORRE,DE LA TORRE,USA USA
15,DF,LONG Aaron,Aaron Ray,LONG,LONG,USA USA
16,FW,MORRIS Jordan,Jordan Perry,MORRIS,MORRIS,USA USA
17,MF,ROLDAN Cristian,Cristian,ROLDAN,ROLDAN,USA USA
18,DF,MOORE Shaq,Shaquell Kwame,MOORE,MOORE,USA USA
19,FW,WRIGHT Haji,Haji Amir,WRIGHT,WRIGHT,USA USA
20,DF,CARTER-VICKERS Cameron,Cameron Robert,CARTER-VICKERS,CARTER-VICKERS,USA USA
21,FW,WEAH Timothy,Timothy Tarpeh,WEAH,WEAH,USA USA
22,DF,YEDLIN DeAndre,De Andre Roselle,YEDLIN,YEDLIN,USA USA
23,MF,ACOSTA Kellyn,Kellyn Kai,PERRY-ACOSTA,ACOSTA,USA USA
24,FW,SARGENT Josh,Joshua Thomas,SARGENT,SARGENT,USA USA
25,GK,JOHNSON Sean,Sean Everet,JOHNSON,JOHNSON,USA USA
26,DF,SCALLY Joe,Joseph Michael,SCALLY,SCALLY,USA USA
1,GK,HENNESSEY Wayne,Wayne Robert,HENNESSEY,HENNESSEY,Wales WAL
2,DF,GUNTER Chris,Christopher Ross,GUNTER,GUNTER,Wales WAL
3,DF,WILLIAMS Neco,Neco Shay,WILLIAMS,N WILLIAMS,Wales WAL
4,DF,DAVIES Ben,Benjamin,THOMAS DAVIES,B DAVIES,Wales WAL
5,DF,MEPHAM Chris,Christopher James,MEPHAM,MEPHAM,Wales WAL
6,DF,RODON Joe,Joseph Peter,RODON,RODON,Wales WAL
7,MF,ALLEN Joe,Joseph Michael,ALLEN,ALLEN,Wales WAL
8,MF,WILSON Harry,Harry,WILSON,WILSON,Wales WAL
9,FW,JOHNSON Brennan,Brennan Price,JOHNSON,JOHNSON,Wales WAL
10,MF,RAMSEY Aaron,Aaron James,RAMSEY,RAMSEY,Wales WAL
11,FW,BALE Gareth,Gareth Frank,BALE,BALE,Wales WAL
12,GK,WARD Danny,Daniel,WARD,WARD,Wales WAL
13,FW,MOORE Kieffer,Kieffer Roberto Francisco,MOORE,MOORE,Wales WAL
14,DF,ROBERTS Connor,Connor Richard John,ROBERTS,ROBERTS,Wales WAL
15,DF,AMPADU Ethan,Ethan Kwame Colm Raymond,AMPADU,AMPADU,Wales WAL
16,MF,MORRELL Joe,Joseff John,MORRELL,MORRELL,Wales WAL
17,DF,LOCKYER Tom,Thomas Alun,LOCKYER,LOCKYER,Wales WAL
18,MF,WILLIAMS Jonny,Jonathan Peter,WILLIAMS,J WILLIAMS,Wales WAL
19,FW,HARRIS Mark,Thomas Mark,HARRIS,HARRIS,Wales WAL
20,FW,JAMES Daniel,Daniel Owen,JAMES,JAMES,Wales WAL
21,GK,DAVIES Adam,Adam Rhys,DAVIES,A DAVIES,Wales WAL
22,MF,THOMAS Sorba,Benjamin Sorba William,THOMAS,THOMAS,Wales WAL
23,MF,LEVITT Dylan,Dylan James Christopher,LEVITT,LEVITT,Wales WAL
24,DF,CABANGO Ben,Benjamin George,CABANGO,CABANGO,Wales WAL
25,DF,COLWILL Rubin,Rubin James,COLWILL,COLWILL,Wales WAL
26,MF,SMITH Matt,Matthew Robert,SMITH,SMITH,Wales WAL
